Make,Model
Acura,ZDX A-SPEC AWD
Acura,ZDX Type S AWD
Audi,A6 60 e-tron
Audi,A6 60 e-tron ultra
Audi,e-tron 55 quattro
Audi,e-tron GT
Audi,e-tron S Sportback quattro
Audi,e-tron Sportback 55 quattro
Audi,Q4 45 e-tron
Audi,Q4 50 e-tron
Audi,Q4 50 e-tron Sportback quattro
Audi,Q4 50 e-tron quattro
Audi,Q4 55 e-tron
Audi,Q4 55 e-tron quattro
Audi,Q4 Sportback 50 e-tron
Audi,Q4 Sportback 50 e-tron quattro
Audi,Q4 Sportback 55 e-tron
Audi,Q4 Sportback 55 e-tron quattro
Audi,Q6 60 e-tron quattro
Audi,Q6 Sportback 60 e-tron quattro
Audi,Q8 e-tron
Audi,Q8 Sportback e-tron
Audi,RS e-tron GT
Audi,RS e-tron GT quattro performance
Audi,S e-tron GT
Audi,S6 e-tron quattro
Audi,SQ6 e-tron
Audi,SQ6 Sportback e-tron quattro
Audi,SQ8 e-tron
Audi,SQ8 Sportback e-tron
BMW,i3
BMW,i3 (120 Ah)
BMW,i3 (60 Ah)
BMW,i3 (94 Ah)
BMW,i3s
BMW,i3s (120 Ah)
BMW,i4 eDrive35 Gran Coupe
BMW,i4 eDrive40
BMW,i4 eDrive40 Gran Coupe
BMW,i4 M50 Gran Coupe
BMW,i4 M50 xDrive
BMW,i4 M50 xDrive Gran Coupe
BMW,i4 M60 xDrive Gran Coupe
BMW,i4 xDrive40 Gran Coupe
BMW,i5 M60 Sedan
BMW,i5 M60 xDrive Sedan
BMW,i5 xDrive40 Sedan
BMW,i7 M70 xDrive Sedan
BMW,i7 xDrive60
BMW,i7 xDrive60 Sedan
BMW,iX M60
BMW,iX M70
BMW,iX xDrive40
BMW,iX xDrive45
BMW,iX xDrive50
BMW,iX xDrive60
Cadillac,CELESTIQ
Cadillac,LYRIQ
Cadillac,LYRIQ AWD
Cadillac,LYRIQ-V
Cadillac,OPTIQ
Cadillac,OPTIQ AWD
Cadillac,OPTIQ-V
Cadillac,VISTIQ
Chevrolet,Blazer EV
Chevrolet,Blazer EV 2LT/RS AWD
Chevrolet,Blazer EV LT/RS AWD
Chevrolet,Blazer EV RS
Chevrolet,Blazer EV RWD
Chevrolet,Blazer EV SS AWD
Chevrolet,Bolt EUV
Chevrolet,Bolt EV
Chevrolet,Equinox EV
Chevrolet,Equinox EV AWD
Chevrolet,Silverado EV 3WT
Chevrolet,Silverado EV 4WT
Chevrolet,Silverado EV LT Ext Range
Chevrolet,Silverado EV LT Std Range
Chevrolet,Silverado EV LT/RST Ext Range
Chevrolet,Silverado EV Trail Boss Ext Range
Chevrolet,Silverado EV WT Ext Range
Chevrolet,Silverado EV WT Max Range
Chevrolet,Silverado EV WT Std Range
Chevrolet,Spark EV
Dodge,Charger Daytona R/T AWD
Dodge,Charger Daytona Scat Pack AWD
Dodge,Charger Daytona Scat Pack Trk Pack AWD 2Dr
Fiat,500e
Fisker,Ocean Extreme
Fisker,Ocean Extreme/One
Fisker,Ocean Sport
Fisker,Ocean Ultra
Ford,F-150 Lightning Extended Range
Ford,F-150 Lightning Platinum
Ford,F-150 Lightning Pro
Ford,F-150 Lightning STX
Ford,F-150 Lightning Standard Range
Ford,Focus Electric
Ford,Mustang Mach-E California Route 1
Ford,Mustang Mach-E California Route 1 AWD
Ford,Mustang Mach-E Extended Range
Ford,Mustang Mach-E Extended Range AWD
Ford,Mustang Mach-E GT
Ford,Mustang Mach-E GT Performance Edition
Ford,Mustang Mach-E Rally
Ford,Mustang Mach-E Standard Range
Ford,Mustang Mach-E Standard Range AWD
Genesis,Electrified G80
Genesis,Electrified GV70
Genesis,GV60 Advanced AWD
Genesis,GV60 Performance AWD
GMC,HUMMER EV2X Pickup
GMC,HUMMER EV2X SUV
GMC,HUMMER EV3X Pickup
GMC,HUMMER EV3X SUV
GMC,Sierra EV Denali Ext Range
GMC,Sierra EV Elevation Ext Range
GMC,Sierra EV Extended Range
GMC,Sierra EV Std Range
Honda,Prologue EX AWD
Honda,Prologue EX-L AWD
Honda,Prologue Touring AWD
Hyundai,IONIQ 5 Long Range
Hyundai,IONIQ 5 Long Range AWD
Hyundai,IONIQ 5 Long Range AWD XRT
Hyundai,IONIQ 5 N
Hyundai,IONIQ 5 Standard Range
Hyundai,IONIQ 6 Long Range
Hyundai,IONIQ 6 Long Range AWD
Hyundai,IONIQ 6 Standard Range
Hyundai,IONIQ 9
Hyundai,IONIQ 9 AWD
Hyundai,IONIQ 9 AWD Performance
Hyundai,IONIQ Electric
Hyundai,Kona Electric
Hyundai,Kona Electric Long Range
Jaguar,I-PACE
Kia,EV6 GT AWD
Kia,EV6 Land AWD
Kia,EV6 Light
Kia,EV6 Long Range
Kia,EV6 Long Range AWD
Kia,EV6 Standard Range
Kia,EV6 Wind
Kia,EV9 GT
Kia,EV9 Land AWD
Kia,EV9 Land AWD GT-Line
Kia,EV9 Light
Kia,EV9 Wind
Kia,Niro EV
Kia,Soul EV
Lexus,RZ 350e
Lexus,RZ 450e AWD
Lexus,RZ 550e AWD
Lucid,Air Dream P AWD
Lucid,Air Dream R AWD
Lucid,Air Grand Touring AWD
Lucid,Air Grand Touring Performance
Lucid,Air Grand Touring XR
Lucid,Air Grand Touring XR AWD
Lucid,Air Pure
Lucid,Air Sapphire AWD
Lucid,Air Touring
Lucid,Air Touring AWD
Mazda,MX-30
Mercedes-Benz,AMG EQE 4MATIC+ SUV
Mercedes-Benz,AMG EQE 4MATIC+ Sedan
Mercedes-Benz,AMG EQS 4MATIC+ Sedan
Mercedes-Benz,CLA 350 4MATIC with EQ Technology
Mercedes-Benz,EQB 250+
Mercedes-Benz,EQB 300 4MATIC
Mercedes-Benz,EQB 350 4MATIC SUV
Mercedes-Benz,EQE 320 4MATIC SUV
Mercedes-Benz,EQE 320 4MATIC Sedan
Mercedes-Benz,EQE 350 4MATIC SUV
Mercedes-Benz,EQE 350 4MATIC Sedan
Mercedes-Benz,EQE 500 4MATIC SUV
Mercedes-Benz,EQE 500 4MATIC Sedan
Mercedes-Benz,EQS 400 4MATIC SUV
Mercedes-Benz,EQS 450 4MATIC SUV
Mercedes-Benz,EQS 450 4MATIC Sedan
Mercedes-Benz,EQS 550 4MATIC SUV
Mercedes-Benz,EQS 580 4MATIC SUV
Mercedes-Benz,EQS 580 4MATIC Sedan
Mercedes-Benz,G 580 with EQ Technology
Mercedes-Benz,Maybach EQS 680 4MATIC SUV
Mini,Cooper SE 3 Door
Mini,Countryman SE ALL4
Mitsubishi,i-MiEV
Nissan,ARIYA Engage
Nissan,ARIYA Evolve e-4ORCE
Nissan,ARIYA Evolve+
Nissan,ARIYA Evolve+ e-4ORCE
Nissan,ARIYA Platinum+ e-4ORCE
Nissan,ARIYA SL e-4ORCE
Nissan,ARIYA SL+
Nissan,ARIYA SL+ e-4ORCE
Nissan,ARIYA SV
Nissan,LEAF
Nissan,LEAF (24 kWh)
Nissan,LEAF (30 kWh)
Nissan,LEAF (40 kWh)
Nissan,LEAF Platinum PLUS
Nissan,LEAF S PLUS
Nissan,LEAF SV
Nissan,LEAF SV PLUS
Nissan,LEAF SV/SL PLUS
Polestar,2
Polestar,2 BST Edition
Polestar,2 Dual Motor
Polestar,2 Dual Motor Performance Pack
Polestar,2 Single Motor
Polestar,3 Long Range Dual Motor
Polestar,3 Long Range Dual Motor Performance Pack
Polestar,3 Long Range Single Motor
Polestar,4 Long Range Dual Motor
Polestar,4 Long Range Dual Motor Performance
Polestar,4 Long Range Single Motor
Porsche,Macan 4 Electric
Porsche,Macan 4S Electric
Porsche,Macan Electric
Porsche,Macan Turbo Electric
Porsche,Taycan 4 Cross Turismo
Porsche,Taycan 4S (Performance Battery Plus)
Porsche,Taycan 4S (Performance Battery)
Porsche,Taycan 4S Cross Turismo
Porsche,Taycan GTS
Porsche,Taycan GTS Sport Turismo
Porsche,Taycan Turbo
Porsche,Taycan Turbo Cross Turismo
Porsche,Taycan Turbo GT
Porsche,Taycan Turbo GT with Weissach Package
Porsche,Taycan Turbo S
Porsche,Taycan Turbo S Cross Turismo
Rivian,R1S
Rivian,R1S All-Terrain
Rivian,R1S All-Terrain Dual Large
Rivian,R1S All-Terrain Dual Large Plus
Rivian,R1S All-Terrain Dual Max
Rivian,R1S All-Terrain Performance Dual Max
Rivian,R1S All-Terrain Quad Large
Rivian,R1S All-Terrain Tri Max
Rivian,R1S AT Dual Large
Rivian,R1S AT Dual Max
Rivian,R1S AT Performance Dual Large
Rivian,R1S AT Performance Dual Large Plus
Rivian,R1S AT Performance Dual Max
Rivian,R1S Dual Large
Rivian,R1S Dual Large Plus
Rivian,R1S Dual Max
Rivian,R1S Dual Standard
Rivian,R1S Performance Dual Large
Rivian,R1S Performance Dual Large Plus
Rivian,R1S Performance Dual Max
Rivian,R1S Quad Large
Rivian,R1S Quad Max
Rivian,R1S Tri Max
Rivian,R1T
Rivian,R1T All-Terrain
Rivian,R1T All-Terrain Dual Large
Rivian,R1T All-Terrain Dual Large Plus
Rivian,R1T All-Terrain Dual Max
Rivian,R1T All-Terrain Performance Dual Max
Rivian,R1T All-Terrain Quad Large
Rivian,R1T All-Terrain Tri Max
Rivian,R1T AT Dual Large
Rivian,R1T AT Dual Max
Rivian,R1T AT Performance Dual Large
Rivian,R1T AT Performance Dual Large Plus
Rivian,R1T AT Performance Dual Max
Rivian,R1T Dual Large
Rivian,R1T Dual Large Plus
Rivian,R1T Dual Max
Rivian,R1T Dual Standard
Rivian,R1T Performance Dual Large
Rivian,R1T Performance Dual Large Plus
Rivian,R1T Performance Dual Max
Rivian,R1T Quad Large
Rivian,R1T Quad Max
Rivian,R1T Tri Max
Rolls-Royce,Black Badge Spectre
Rolls-Royce,Spectre
Smart,fortwo cabriolet
Smart,fortwo coupe
Smart,fortwo electric drive cabriolet
Smart,fortwo electric drive coupe
Subaru,Solterra AWD
Tesla,Cybertruck AWD
Tesla,Model 3 Long Range
Tesla,Model 3 Long Range AWD
Tesla,Model 3 Long Range AWD Performance
Tesla,Model 3 Long Range AWD-I
Tesla,Model 3 Long Range-I
Tesla,Model 3 Mid Range
Tesla,Model 3 Performance
Tesla,Model 3 Performance-I
Tesla,Model 3 RWD
Tesla,Model 3 Standard Range
Tesla,Model 3 Standard Range Plus
Tesla,Model S
Tesla,Model S (40 kWh)
Tesla,Model S (60 kWh)
Tesla,Model S (70 kWh)
Tesla,Model S (75 kWh)
Tesla,Model S (85 kWh)
Tesla,Model S (85/90 kWh)
Tesla,Model S 100D
Tesla,Model S 60D
Tesla,Model S 70D
Tesla,Model S 75D
Tesla,Model S 85D/90D
Tesla,Model S 90D
Tesla,Model S Long Range
Tesla,Model S Long Range Plus
Tesla,Model S P100D
Tesla,Model S P85D/P90D
Tesla,Model S P90D
Tesla,Model S Performance
Tesla,Model S Plaid
Tesla,Model S Standard Range
Tesla,Model X
Tesla,Model X 100D
Tesla,Model X 60D
Tesla,Model X 75D
Tesla,Model X 90D
Tesla,Model X Long Range
Tesla,Model X Long Range Plus
Tesla,Model X P100D
Tesla,Model X P90D
Tesla,Model X Performance
Tesla,Model X Plaid
Tesla,Model X Standard Range
Tesla,Model Y AWD
Tesla,Model Y Long Range AWD
Tesla,Model Y Long Range AWD-B
Tesla,Model Y Long Range AWD-I
Tesla,Model Y Long Range-I
Tesla,Model Y Performance
Tesla,Model Y Performance-I
Tesla,Model Y RWD
Tesla,Model Y Standard Range
Toyota,bZ
Toyota,bZ AWD
Toyota,bZ Limited AWD
Toyota,bZ4X
Toyota,bZ4X AWD
VinFast,VF7 PLUS
VinFast,VF8 ECO
VinFast,VF8 PLUS
VinFast,VF8 PLUS Performance
VinFast,VF9 ECO
VinFast,VF9 PLUS
Volkswagen,e-Golf
Volkswagen,ID. Buzz
Volkswagen,ID. Buzz 4MOTION
Volkswagen,ID. Buzz Pro
Volkswagen,ID. Buzz Pro 4MOTION
Volkswagen,ID.4
Volkswagen,ID.4 AWD
Volkswagen,ID.4 AWD Pro
Volkswagen,ID.4 AWD Pro S
Volkswagen,ID.4 Pro
Volkswagen,ID.4 Pro S
Volkswagen,ID.4 S
Volvo,C40 Recharge
Volvo,C40 Recharge Twin
Volvo,EC40
Volvo,EC40 Twin
Volvo,EX30 Cross Country
Volvo,EX30 Single Motor Ext Range
Volvo,EX30 Single Motor Extended Range
Volvo,EX30 Twin Performance
Volvo,EX40
Volvo,EX40 Twin
Volvo,EX90 Twin Motor
Volvo,EX90 Twin Motor Performance
Volvo,XC40 Recharge
Volvo,XC40 Recharge Twin